Small,Small Link
Susa Musa,https://www.susamusa.com/collections/shop-all
Polite Society,https://politesocietyshop.com/collections/all
JJ Vintage,https://shopjjvintage.com/collections/all
Agamansia,https://www.agmansia.com/products
Tops by Taylor,https://topsbytaylor.com/collections/all
Senja by Maddie,https://senjabymaddie.com/collections/all
Cowboys of Habit,https://cowboysofhabit.com/collections/shop-all
Rhi Dancey,https://www.rhidancey.com/shop
Doza Shop,https://dozashop.com/collections/all
Bleaq,https://www.bleaq.store/clothing?page=2
Ap0cene,https://ap0cene.com/collections/shop-all
Clarissa Larrazabal,https://clarissalarrazabal.com/collections/all
O-Mighty,https://o-mighty.com/products/1
Sarah O Robinson,https://www.sarahorobinson.com/shop
Jaesthanna,https://jaesthanna.com/collections/all
Lunch Concept,https://lunchconcept.com/shop/
Dyspnea,https://dyspnea.com.au/collections/shop-all
C-l-a-n,https://c-l-a-n.co/shop/
Luz Muerta,https://www.luzmuerta.com/shop
Poster Girl,https://poster-girl.com/collections/new-in
SLF Luv Society,https://slfluvsociety.com/collections/shop-all
Oats the Label,https://oats-the-label.com/collections/pop-tops
Lou Haichy,https://www.louhaichy.com/?page=2
Tora Lily,https://tora-lily.com/collections/all
Ragamalak,https://www.ragamalak.com/collections/all
Devised Antithetical,https://devisedantithetical.com/collections/frontpage
Hudie Gong Zhu,https://hudiegongzhu.shop/collections/all
Paralia Swim,https://www.paraliaswim.com/collections/soma-tis-paralia
Christina Cotta,https://christinacotta.co.uk/collections/all
Paloma Wool,https://palomawool.com/collections/new-in
Melissia Ceciliano,https://www.melissaceciliano.com/
Freya Mckee,https://www.freyamckee.co.uk/tops
Bella Venice,https://www.freyamckee.co.uk/tops
Frankie's Bikinis,https://frankiesbikinis.com/collections/clothing?filter.v.availability=1
Molly O'Halloran,https://mollyohalloran.co.uk/
Dyenamic,https://dyenamicny.com/collections/tights
Besos Vintage,https://besosvintage.com/collections/all-available-items
Samuday Studios,https://samudaystudios.com/en-us/collections/summer-arrivals
Gimaguas,https://gimaguas.com/collections/woman
Nude Lagoon,https://www.nudelagoon.com/vintage
Moonkissed Collective,https://moonkissedcollective.com/collections/frontpage
96 Dragon Studio,https://96dragonstudio.com/collections/womenswear
Prayingg,https://prayingg.com/collections/all?sort_by=created-descending
Bye Bambi,https://www.byebambi.com/en-us/collections/002
Wish Me Luck,https://wishmeluckbrand.com/collections/all
F as in Frank,https://www.fasinfrankvintage.com/collections/all-prducts
Named Collective,https://namedcollective.com/collections/shop-our-sh-t
House of Sunny,https://houseofsunny.com/collections/womens-sale
As Eye Studio,https://www.aseyestudio.com/collections/all
CouCoo,https://coucoo.io/collections/all
Basic Pleasure Mode,https://basicpleasuremode.com/collections/shop-all
The Frankie Shop,https://thefrankieshop.com/collections/womens-clothing
Geel,https://geel.us/collections/body
Caspar the Label,https://www.casparthelabel.co.uk/shop
The Halara,https://thehalara.com/collections/best-sellers?pmui=10.1.index.menu2.1-Shop%20All.home&pmuih=home&promo=index.menu2.1-Shop%20All
Pancheewa,https://pancheewa.com/collections/summer
Oddli,https://oddli.com/
Peachy Den,https://www.peachyden.co.uk/collections/all-products
Shop Peche,https://shop-peche.com/collections/clothing
Arthur Apparel,https://us.arthurapparel.com/collections/shop-all
Hollys World,https://hollysworld.store/collections/tops
Nimph,https://nimph.es/collections/all
Yo Mas,https://www.yo-mas.com/collections/ss22
Vanity Nap,https://vanitynap.com/collections/shop-all
Expired Girl,https://www.expiredgirl.shop/shop-showall
Zemeta,https://www.zemeta.co/all
Maris Pieper,https://www.marispieper.com/shop
Olivia Rowan,https://oliviarowan.com.au/collections/shop-all-1
Skoot Skoot Skoot,https://skootskootskoot.com/collections/shop-all
Sixth Dimension,https://sixthdimension.shop/6d-designs/
Amor Mia,https://www.amor-mia.com/collections/all
Kradeau,https://kradeau.com/collections/all?sort_by=created-descending
No Dress 67,https://nodress67.com/collections/all
Iden Studios,https://iden.berlin/collections/shop
Mas1Brand,https://mas1brand.com/en-us/collections/ch-acero
JewelzbyMealz,https://jewelzbymealz.com/collections/all
Emma Rogue,https://emmarogue.com/collections/all
Le Bobu,https://lebobu.com/collections/all
Fruity Booty,https://fruitybooty.co.uk/collections/all?_atid=Dpd8Oycvq9qYTfJAPPZYLoUMuyp2YO
Apres Studio,https://apresstudio.com.au/collections/all
Yllw the Label,https://yllwthelabel.com/
Niihai,https://niihai.com/en-us/collections/all
Valeria Anastasia,https://valeriaanastasia.com/collections/all
Sweet Chilling,https://sweetchilling.com/collections/all
Belle the Label,https://bellethelabel.com/collections/all
Find Me Now The Label,https://www.findmenowthelabel.com/collections/shop-all
Esthe,https://www.esthe.co.uk/shop/